no,no_pendaftaran_kipk,no_bantuan_sosial,nama,prodi,nik,no_kartu_keluarga,nisn,asal_sekolah,status_dtsen,jumlah_tanggungan,jumlah_orang_rumah,pekerjaan_ayah,pekerjaan_ibu,penghasilan_ayah,penghasilan_ibu,kab_kota,provinsi,alamat,pbb,daya_listrik,no_hp,email,koordinat,latitude,longitude,skor_total,ranking,created_at,status_seleksi,catatan_admin,updated_at,jalur_masuk,hasil_seleksi
,4211571968271899,BAN-00001,Dewi Hadiyah,Teknik Elektro,0000003201000001,0000003271000001,0020040102,SMA Negeri 3 Bandung,Tidak Tersertifikasi,1,4,Petani,Pedagang,600000,400000,Bandung,Jawa Barat,Jl. Diponegoro No. 002,1000000,1300 VA,62-0000000009,kandidat00001@email.com,"-6.2088,-106.8446",-6.2078,-106.8446,0,,2026-05-12 07:28:15.697161+00,Tidak Lolos,,2026-05-12 07:28:15.697161+00,SNBT,
,8509270728810944,BAN-00002,Teguh Anggraini,Sistem Informasi,0000003201000002,0000003271000002,0020040103,SMA Negeri 2 Surabaya,Proses Verifikasi,2,5,Wiraswasta,Karyawan Swasta,700000,500000,Surabaya,Jawa Timur,Jl. Gajah Mada No. 003,2000000,2200 VA,62-0000000010,kandidat00002@email.com,"-6.2088,-106.8436",-6.2068,-106.8436,0,,2026-05-12 07:28:15.697161+00,Menunggu,,2026-05-12 07:28:15.697161+00,SNBT,
,7816071352888798,BAN-00003,Hani Kurniawan,Teknik Mesin,0000003201000003,0000003271000003,0020040104,SMA Negeri 1 Medan,Tersertifikasi,3,6,PNS,PNS,800000,600000,Medan,Sumatera Utara,Jl. Ahmad Yani No. 004,3000000,3600 VA,62-0000000011,kandidat00003@email.com,"-6.2088,-106.8426",-6.2058,-106.8426,0,,2026-05-12 07:28:15.697161+00,Diundur,,2026-05-12 07:28:15.697161+00,SNBT,
,4191626398829133,BAN-00004,Agus Pratama,Manajemen,0000003201000004,0000003271000004,0020040105,SMA Negeri 5 Semarang,Tidak Tersertifikasi,4,3,Pensiunan,Wiraswasta,900000,700000,Semarang,Jawa Tengah,Jl. Sudirman No. 005,4000000,900 VA,62-0000000012,kandidat00004@email.com,"-6.2088,-106.8416",-6.2048,-106.8416,0,,2026-05-12 07:28:15.697161+00,Lolos,,2026-05-12 07:28:15.697161+00,SNBT,
,4350575284852364,BAN-00005,Luthfi Oktaviani,Teknik Informatika,0000003201000005,0000003271000005,0020040106,SMA Negeri 2 Yogyakarta,Proses Verifikasi,0,4,Pengusaha,Petani,1000000,800000,Yogyakarta,DI Yogyakarta,Jl. Thamrin No. 006,5000000,1300 VA,62-0000000013,kandidat00005@email.com,"-6.2088,-106.8406",-6.2038,-106.8406,0,,2026-05-12 07:28:15.697161+00,Tidak Lolos,,2026-05-12 07:28:15.697161+00,SNBT,
,5626972214416169,BAN-00006,Fauzan Oktaviani,Teknik Elektro,0000003201000006,0000003271000006,0020040107,SMA Negeri 1 Palembang,Tersertifikasi,1,5,Buruh,Ibu Rumah Tangga,1100000,900000,Palembang,Sumatera Selatan,Jl. Gatot Subroto No. 007,6000000,2200 VA,62-0000000014,kandidat00006@email.com,"-6.2088,-106.8396",-6.2028,-106.8396,0,,2026-05-12 07:28:15.697161+00,Menunggu,,2026-05-12 07:28:15.697161+00,SNBT,
,5717584280629672,BAN-00007,Budi Pratama,Sistem Informasi,0000003201000007,0000003271000007,0020040108,SMA Negeri 4 Makassar,Tidak Tersertifikasi,2,6,Karyawan Swasta,Pedagang,1200000,1000000,Makassar,Sulawesi Selatan,Jl. Jenderal Soedirman No. 008,7000000,3600 VA,62-0000000015,kandidat00007@email.com,"-6.2088,-106.8386",-6.2018,-106.8386,0,,2026-05-12 07:28:15.697161+00,Diundur,,2026-05-12 07:28:15.697161+00,SNBT,
,8967560188708994,BAN-00008,Galih Wibowo,Teknik Mesin,0000003201000008,0000003271000008,0020040109,SMA Negeri 1 Jakarta,Proses Verifikasi,3,3,Petani,Karyawan Swasta,1300000,1100000,Denpasar,Bali,Jl. Merdeka No. 009,8000000,900 VA,62-0000000016,kandidat00008@email.com,"-6.2088,-106.8376",-6.2008,-106.8376,0,,2026-05-12 07:28:15.697161+00,Lolos,,2026-05-12 07:28:15.697161+00,SNBT,
,7792275196412390,BAN-00009,Dewi Hasanah,Manajemen,0000003201000009,0000003271000009,0020040110,SMA Negeri 3 Bandung,Tersertifikasi,4,4,Wiraswasta,PNS,1400000,1200000,Banjarmasin,Kalimantan Selatan,Jl. Diponegoro No. 010,9000000,1300 VA,62-0000000017,kandidat00009@email.com,"-6.2088,-106.8366",-6.1998,-106.8366,0,,2026-05-12 07:28:15.697161+00,Tidak Lolos,,2026-05-12 07:28:15.697161+00,SNBT,
,4881962321166250,BAN-00010,Ganda Pratama,Teknik Informatika,0000003201000010,0000003271000010,0020040111,SMA Negeri 2 Surabaya,Tidak Tersertifikasi,0,5,PNS,Wiraswasta,1500000,1300000,Jakarta Pusat,DKI Jakarta,Jl. Gajah Mada No. 011,10000000,2200 VA,62-0000000018,kandidat00010@email.com,"-6.2088,-106.8356",-6.1988,-106.8356,0,,2026-05-12 07:28:15.697161+00,Menunggu,,2026-05-12 07:28:15.697161+00,SNBT,
,9299781173485620,BAN-00011,Dian Permatasari,Teknik Elektro,0000003201000011,0000003271000011,0020040112,SMA Negeri 1 Medan,Proses Verifikasi,1,6,Pensiunan,Petani,1600000,1400000,Bandung,Jawa Barat,Jl. Ahmad Yani No. 012,11000000,3600 VA,62-0000000019,kandidat00011@email.com,"-6.2088,-106.8346",-6.1978,-106.8346,0,,2026-05-12 07:28:15.697161+00,Diundur,,2026-05-12 07:28:15.697161+00,SNBT,
,8138195672775455,BAN-00012,Dewi Handayani,Sistem Informasi,0000003201000012,0000003271000012,0020040113,SMA Negeri 5 Semarang,Tersertifikasi,2,3,Pengusaha,Ibu Rumah Tangga,1700000,1500000,Surabaya,Jawa Timur,Jl. Sudirman No. 013,12000000,900 VA,62-0000000020,kandidat00012@email.com,"-6.2088,-106.8336",-6.1968,-106.8336,0,,2026-05-12 07:28:15.697161+00,Lolos,,2026-05-12 07:28:15.697161+00,SNBT,
,7942171328372851,BAN-00013,Maya Wirawan,Teknik Mesin,0000003201000013,0000003271000013,0020040114,SMA Negeri 2 Yogyakarta,Tidak Tersertifikasi,3,4,Buruh,Pedagang,1800000,1600000,Medan,Sumatera Utara,Jl. Thamrin No. 014,13000000,1300 VA,62-0000000021,kandidat00013@email.com,"-6.2088,-106.8326",-6.1958,-106.8326,0,,2026-05-12 07:28:15.697161+00,Tidak Lolos,,2026-05-12 07:28:15.697161+00,SNBT,
,8106999413243496,BAN-00014,Eka Ramadhan,Manajemen,0000003201000014,0000003271000014,0020040115,SMA Negeri 1 Palembang,Proses Verifikasi,4,5,Karyawan Swasta,Karyawan Swasta,1900000,1700000,Semarang,Jawa Tengah,Jl. Gatot Subroto No. 015,14000000,2200 VA,62-0000000022,kandidat00014@email.com,"-6.2088,-106.8316",-6.1948,-106.8316,0,,2026-05-12 07:28:15.697161+00,Menunggu,,2026-05-12 07:28:15.697161+00,SNBT,
,5137721332449067,BAN-00015,Agus Saputra,Teknik Informatika,0000003201000015,0000003271000015,0020040116,SMA Negeri 4 Makassar,Tersertifikasi,0,6,Petani,PNS,2000000,1800000,Yogyakarta,DI Yogyakarta,Jl. Jenderal Soedirman No. 016,15000000,3600 VA,62-0000000023,kandidat00015@email.com,"-6.2088,-106.8306",-6.1938,-106.8306,0,,2026-05-12 07:28:15.697161+00,Diundur,,2026-05-12 07:28:15.697161+00,SNBT,
,4563271001238387,BAN-00016,Galih Maharani,Teknik Elektro,0000003201000016,0000003271000016,0020040117,SMA Negeri 1 Jakarta,Tidak Tersertifikasi,1,3,Wiraswasta,Wiraswasta,2100000,1900000,Palembang,Sumatera Selatan,Jl. Merdeka No. 017,16000000,900 VA,62-0000000024,kandidat00016@email.com,"-6.2088,-106.8296",-6.1928,-106.8296,0,,2026-05-12 07:28:15.697161+00,Lolos,,2026-05-12 07:28:15.697161+00,SNBT,
,2326938868531952,BAN-00017,Wini Susanti,Sistem Informasi,0000003201000017,0000003271000017,0020040118,SMA Negeri 3 Bandung,Proses Verifikasi,2,4,PNS,Petani,2200000,2000000,Makassar,Sulawesi Selatan,Jl. Diponegoro No. 018,17000000,1300 VA,62-0000000025,kandidat00017@email.com,"-6.2088,-106.8286",-6.1918,-106.8286,0,,2026-05-12 07:28:15.697161+00,Tidak Lolos,,2026-05-12 07:28:15.697161+00,SNBT,
,5120307533600193,BAN-00018,Uswatun Putri,Teknik Mesin,0000003201000018,0000003271000018,0020040119,SMA Negeri 2 Surabaya,Tersertifikasi,3,5,Pensiunan,Ibu Rumah Tangga,2300000,2100000,Denpasar,Bali,Jl. Gajah Mada No. 019,18000000,2200 VA,62-0000000026,kandidat00018@email.com,"-6.2088,-106.8276",-6.1908,-106.8276,0,,2026-05-12 07:28:15.697161+00,Menunggu,,2026-05-12 07:28:15.697161+00,SNBT,
,5116740541417954,BAN-00019,Ganda Dewi,Manajemen,0000003201000019,0000003271000019,0020040120,SMA Negeri 1 Medan,Tidak Tersertifikasi,4,6,Pengusaha,Pedagang,2400000,2200000,Banjarmasin,Kalimantan Selatan,Jl. Ahmad Yani No. 020,19000000,3600 VA,62-0000000027,kandidat00019@email.com,"-6.2088,-106.8266",-6.1898,-106.8266,0,,2026-05-12 07:28:15.697161+00,Diundur,,2026-05-12 07:28:15.697161+00,SNBT,
,7635708620804110,BAN-00020,Putri Setiawan,Teknik Informatika,0000003201000020,0000003271000020,0020040121,SMA Negeri 5 Semarang,Proses Verifikasi,0,3,Buruh,Karyawan Swasta,2500000,2300000,Jakarta Pusat,DKI Jakarta,Jl. Sudirman No. 021,20000000,900 VA,62-0000000028,kandidat00020@email.com,"-6.2088,-106.8256",-6.1888,-106.8256,0,,2026-05-12 07:28:15.697161+00,Lolos,,2026-05-12 07:28:15.697161+00,SNBT,
,2052938194658956,BAN-00021,Maya Susanti,Teknik Elektro,0000003201000021,0000003271000021,0020040122,SMA Negeri 2 Yogyakarta,Tersertifikasi,1,4,Karyawan Swasta,PNS,2600000,2400000,Bandung,Jawa Barat,Jl. Thamrin No. 022,21000000,1300 VA,62-0000000029,kandidat00021@email.com,"-6.2088,-106.8246",-6.1878,-106.8246,0,,2026-05-12 07:28:15.697161+00,Tidak Lolos,,2026-05-12 07:28:15.697161+00,SNBT,
,7833729854095306,BAN-00022,Hani Wahyuni,Sistem Informasi,0000003201000022,0000003271000022,0020040123,SMA Negeri 1 Palembang,Tidak Tersertifikasi,2,5,Petani,Wiraswasta,2700000,2500000,Surabaya,Jawa Timur,Jl. Gatot Subroto No. 023,22000000,2200 VA,62-0000000030,kandidat00022@email.com,"-6.2088,-106.8236",-6.1868,-106.8236,0,,2026-05-12 07:28:15.697161+00,Menunggu,,2026-05-12 07:28:15.697161+00,SNBT,
,8078131478577057,BAN-00023,Qori Hadiyah,Teknik Mesin,0000003201000023,0000003271000023,0020040124,SMA Negeri 4 Makassar,Proses Verifikasi,3,6,Wiraswasta,Petani,2800000,2600000,Medan,Sumatera Utara,Jl. Jenderal Soedirman No. 024,23000000,3600 VA,62-0000000031,kandidat00023@email.com,"-6.2088,-106.8226",-6.1858,-106.8226,0,,2026-05-12 07:28:15.697161+00,Diundur,,2026-05-12 07:28:15.697161+00,SNBT,
,5237848597957640,BAN-00024,Dian Satria,Manajemen,0000003201000024,0000003271000024,0020040125,SMA Negeri 1 Jakarta,Tersertifikasi,4,3,PNS,Ibu Rumah Tangga,2900000,2700000,Semarang,Jawa Tengah,Jl. Merdeka No. 025,24000000,900 VA,62-0000000032,kandidat00024@email.com,"-6.2088,-106.8216",-6.1848,-106.8216,0,,2026-05-12 07:28:15.697161+00,Lolos,,2026-05-12 07:28:15.697161+00,SNBT,
,8226006657161290,BAN-00025,Siti Santoso,Teknik Informatika,0000003201000025,0000003271000025,0020040126,SMA Negeri 3 Bandung,Tidak Tersertifikasi,0,4,Pensiunan,Pedagang,3000000,2800000,Yogyakarta,DI Yogyakarta,Jl. Diponegoro No. 026,25000000,1300 VA,62-0000000033,kandidat00025@email.com,"-6.2088,-106.8206",-6.1838,-106.8206,0,,2026-05-12 07:28:15.697161+00,Tidak Lolos,,2026-05-12 07:28:15.697161+00,SNBT,
,9305746603016344,BAN-00026,Laras Hasanah,Teknik Elektro,0000003201000026,0000003271000026,0020040127,SMA Negeri 2 Surabaya,Proses Verifikasi,1,5,Pengusaha,Karyawan Swasta,3100000,2900000,Palembang,Sumatera Selatan,Jl. Gajah Mada No. 027,26000000,2200 VA,62-0000000034,kandidat00026@email.com,"-6.2088,-106.8196",-6.1828,-106.8196,0,,2026-05-12 07:28:15.697161+00,Menunggu,,2026-05-12 07:28:15.697161+00,SNBT,
,7772206786297426,BAN-00027,Yunita Hadiyah,Sistem Informasi,0000003201000027,0000003271000027,0020040128,SMA Negeri 1 Medan,Tersertifikasi,2,6,Buruh,PNS,3200000,3000000,Makassar,Sulawesi Selatan,Jl. Ahmad Yani No. 028,27000000,3600 VA,62-0000000035,kandidat00027@email.com,"-6.2088,-106.8186",-6.1818,-106.8186,0,,2026-05-12 07:28:15.697161+00,Diundur,,2026-05-12 07:28:15.697161+00,SNBT,
,4908038681434331,BAN-00028,Doni Oktaviani,Teknik Mesin,0000003201000028,0000003271000028,0020040129,SMA Negeri 5 Semarang,Tidak Tersertifikasi,3,3,Karyawan Swasta,Wiraswasta,3300000,3100000,Denpasar,Bali,Jl. Sudirman No. 029,28000000,900 VA,62-0000000036,kandidat00028@email.com,"-6.2088,-106.8176",-6.1808,-106.8176,0,,2026-05-12 07:28:15.697161+00,Lolos,,2026-05-12 07:28:15.697161+00,SNBT,
,3729061748901913,BAN-00029,Ilham Maulana,Manajemen,0000003201000029,0000003271000029,0020040130,SMA Negeri 2 Yogyakarta,Proses Verifikasi,4,4,Petani,Petani,3400000,3200000,Banjarmasin,Kalimantan Selatan,Jl. Thamrin No. 030,29000000,1300 VA,62-0000000037,kandidat00029@email.com,"-6.2088,-106.8166",-6.1798,-106.8166,0,,2026-05-12 07:28:15.697161+00,Tidak Lolos,,2026-05-12 07:28:15.697161+00,SNBT,
,8201962824701912,BAN-00030,Rudi Hermawan,Teknik Informatika,0000003201000030,0000003271000030,0020040131,SMA Negeri 1 Palembang,Tersertifikasi,0,5,Wiraswasta,Ibu Rumah Tangga,3500000,3300000,Jakarta Pusat,DKI Jakarta,Jl. Gatot Subroto No. 031,30000000,2200 VA,62-0000000038,kandidat00030@email.com,"-6.2088,-106.8156",-6.1788,-106.8156,0,,2026-05-12 07:28:15.697161+00,Menunggu,,2026-05-12 07:28:15.697161+00,SNBT,
,3839741720931328,BAN-00031,Qori Purnomo,Teknik Elektro,0000003201000031,0000003271000031,0020040132,SMA Negeri 4 Makassar,Tidak Tersertifikasi,1,6,PNS,Pedagang,3600000,3400000,Bandung,Jawa Barat,Jl. Jenderal Soedirman No. 032,31000000,3600 VA,62-0000000039,kandidat00031@email.com,"-6.2088,-106.8146",-6.1778,-106.8146,0,,2026-05-12 07:28:15.697161+00,Diundur,,2026-05-12 07:28:15.697161+00,SNBT,
,9024374316377639,BAN-00032,Wulan Purnomo,Sistem Informasi,0000003201000032,0000003271000032,0020040133,SMA Negeri 1 Jakarta,Proses Verifikasi,2,3,Pensiunan,Karyawan Swasta,3700000,3500000,Surabaya,Jawa Timur,Jl. Merdeka No. 033,32000000,900 VA,62-0000000040,kandidat00032@email.com,"-6.2088,-106.8136",-6.1768,-106.8136,0,,2026-05-12 07:28:15.697161+00,Lolos,,2026-05-12 07:28:15.697161+00,SNBT,
,6531106180963070,BAN-00033,Xander Santoso,Teknik Mesin,0000003201000033,0000003271000033,0020040134,SMA Negeri 3 Bandung,Tersertifikasi,3,4,Pengusaha,PNS,3800000,3600000,Medan,Sumatera Utara,Jl. Diponegoro No. 034,33000000,1300 VA,62-0000000041,kandidat00033@email.com,"-6.2088,-106.8126",-6.1758,-106.8126,0,,2026-05-12 07:28:15.697161+00,Tidak Lolos,,2026-05-12 07:28:15.697161+00,SNBT,
,3560048460277775,BAN-00034,Novita Lestari,Manajemen,0000003201000034,0000003271000034,0020040135,SMA Negeri 2 Surabaya,Tidak Tersertifikasi,4,5,Buruh,Wiraswasta,3900000,3700000,Semarang,Jawa Tengah,Jl. Gajah Mada No. 035,34000000,2200 VA,62-0000000042,kandidat00034@email.com,"-6.2088,-106.8116",-6.1748,-106.8116,0,,2026-05-12 07:28:15.697161+00,Menunggu,,2026-05-12 07:28:15.697161+00,SNBT,
,1551673203241857,BAN-00035,Galih Lestari,Teknik Informatika,0000003201000035,0000003271000035,0020040136,SMA Negeri 1 Medan,Proses Verifikasi,0,6,Karyawan Swasta,Petani,4000000,3800000,Yogyakarta,DI Yogyakarta,Jl. Ahmad Yani No. 036,35000000,3600 VA,62-0000000043,kandidat00035@email.com,"-6.2088,-106.8106",-6.1738,-106.8106,0,,2026-05-12 07:28:15.697161+00,Diundur,,2026-05-12 07:28:15.697161+00,SNBT,
,6310843925619347,BAN-00036,Novita Purnomo,Teknik Elektro,0000003201000036,0000003271000036,0020040137,SMA Negeri 5 Semarang,Tersertifikasi,1,3,Petani,Ibu Rumah Tangga,4100000,3900000,Palembang,Sumatera Selatan,Jl. Sudirman No. 037,36000000,900 VA,62-0000000044,kandidat00036@email.com,"-6.2088,-106.8096",-6.1728,-106.8096,0,,2026-05-12 07:28:15.697161+00,Lolos,,2026-05-12 07:28:15.697161+00,SNBT,
,5047764137548084,BAN-00037,Siti Ramadhan,Sistem Informasi,0000003201000037,0000003271000037,0020040138,SMA Negeri 2 Yogyakarta,Tidak Tersertifikasi,2,4,Wiraswasta,Pedagang,4200000,4000000,Makassar,Sulawesi Selatan,Jl. Thamrin No. 038,37000000,1300 VA,62-0000000045,kandidat00037@email.com,"-6.2088,-106.8086",-6.1718,-106.8086,0,,2026-05-12 07:28:15.697161+00,Tidak Lolos,,2026-05-12 07:28:15.697161+00,SNBT,
,7725954034973283,BAN-00038,Wini Wahyuni,Teknik Mesin,0000003201000038,0000003271000038,0020040139,SMA Negeri 1 Palembang,Proses Verifikasi,3,5,PNS,Karyawan Swasta,4300000,4100000,Denpasar,Bali,Jl. Gatot Subroto No. 039,38000000,2200 VA,62-0000000046,kandidat00038@email.com,"-6.2088,-106.8076",-6.1708,-106.8076,0,,2026-05-12 07:28:15.697161+00,Menunggu,,2026-05-12 07:28:15.697161+00,SNBT,
,1232981808556899,BAN-00039,Putri Handayani,Manajemen,0000003201000039,0000003271000039,0020040140,SMA Negeri 4 Makassar,Tersertifikasi,4,6,Pensiunan,PNS,4400000,4200000,Banjarmasin,Kalimantan Selatan,Jl. Jenderal Soedirman No. 040,39000000,3600 VA,62-0000000047,kandidat00039@email.com,"-6.2088,-106.8066",-6.1698,-106.8066,0,,2026-05-12 07:28:15.697161+00,Diundur,,2026-05-12 07:28:15.697161+00,SNBT,
,5084949097156022,BAN-00040,Dwi Nugroho,Teknik Informatika,0000003201000040,0000003271000040,0020040141,SMA Negeri 1 Jakarta,Tidak Tersertifikasi,0,3,Pengusaha,Wiraswasta,4500000,300000,Jakarta Pusat,DKI Jakarta,Jl. Merdeka No. 041,40000000,900 VA,62-0000000048,kandidat00040@email.com,"-6.2088,-106.8056",-6.1688,-106.8056,0,,2026-05-12 07:28:15.697161+00,Lolos,,2026-05-12 07:28:15.697161+00,SNBT,
,9986442813713793,BAN-00041,Okta Kusuma,Teknik Elektro,0000003201000041,0000003271000041,0020040142,SMA Negeri 3 Bandung,Proses Verifikasi,1,4,Buruh,Petani,4600000,400000,Bandung,Jawa Barat,Jl. Diponegoro No. 042,41000000,1300 VA,62-0000000049,kandidat00041@email.com,"-6.2088,-106.8046",-6.1678,-106.8046,0,,2026-05-12 07:28:15.697161+00,Tidak Lolos,,2026-05-12 07:28:15.697161+00,SNBT,
,8954536216676539,BAN-00042,Arif Setiawan,Sistem Informasi,0000003201000042,0000003271000042,0020040143,SMA Negeri 2 Surabaya,Tersertifikasi,2,5,Karyawan Swasta,Ibu Rumah Tangga,4700000,500000,Surabaya,Jawa Timur,Jl. Gajah Mada No. 043,42000000,2200 VA,62-0000000050,kandidat00042@email.com,"-6.2088,-106.8036",-6.1668,-106.8036,0,,2026-05-12 07:28:15.697161+00,Menunggu,,2026-05-12 07:28:15.697161+00,SNBT,
,5644669502146055,BAN-00043,Laras Sirait,Teknik Mesin,0000003201000043,0000003271000043,0020040144,SMA Negeri 1 Medan,Tidak Tersertifikasi,3,6,Petani,Pedagang,4800000,600000,Medan,Sumatera Utara,Jl. Ahmad Yani No. 044,43000000,3600 VA,62-0000000051,kandidat00043@email.com,"-6.2088,-106.8026",-6.1658,-106.8026,0,,2026-05-12 07:28:15.697161+00,Diundur,,2026-05-12 07:28:15.697161+00,SNBT,
,7942896580542644,BAN-00044,Fajar Nugroho,Manajemen,0000003201000044,0000003271000044,0020040145,SMA Negeri 5 Semarang,Proses Verifikasi,4,3,Wiraswasta,Karyawan Swasta,4900000,700000,Semarang,Jawa Tengah,Jl. Sudirman No. 045,44000000,900 VA,62-0000000052,kandidat00044@email.com,"-6.2088,-106.8016",-6.1648,-106.8016,0,,2026-05-12 07:28:15.697161+00,Lolos,,2026-05-12 07:28:15.697161+00,SNBT,
,9975051271778265,BAN-00045,Kartini Soekarno,Teknik Informatika,0000003201000045,0000003271000045,0020040146,SMA Negeri 2 Yogyakarta,Tersertifikasi,0,4,PNS,PNS,5000000,800000,Yogyakarta,DI Yogyakarta,Jl. Thamrin No. 046,45000000,1300 VA,62-0000000053,kandidat00045@email.com,"-6.2088,-106.8006",-6.1638,-106.8006,0,,2026-05-12 07:28:15.697161+00,Tidak Lolos,,2026-05-12 07:28:15.697161+00,SNBT,
,8877375357944700,BAN-00046,Ahmad Pratama,Teknik Elektro,0000003201000046,0000003271000046,0020040147,SMA Negeri 1 Palembang,Tidak Tersertifikasi,1,5,Pensiunan,Wiraswasta,5100000,900000,Palembang,Sumatera Selatan,Jl. Gatot Subroto No. 047,46000000,2200 VA,62-0000000054,kandidat00046@email.com,"-6.2088,-106.7996",-6.1628,-106.7996,0,,2026-05-12 07:28:15.697161+00,Menunggu,,2026-05-12 07:28:15.697161+00,SNBT,
,6049553612859179,BAN-00047,Dewi Hariyanto,Sistem Informasi,0000003201000047,0000003271000047,0020040148,SMA Negeri 4 Makassar,Proses Verifikasi,2,6,Pengusaha,Petani,5200000,1000000,Makassar,Sulawesi Selatan,Jl. Jenderal Soedirman No. 048,47000000,3600 VA,62-0000000055,kandidat00047@email.com,"-6.2088,-106.7986",-6.1618,-106.7986,0,,2026-05-12 07:28:15.697161+00,Diundur,,2026-05-12 07:28:15.697161+00,SNBT,
,7577351903666084,BAN-00048,Putra Wibowo,Teknik Mesin,0000003201000048,0000003271000048,0020040149,SMA Negeri 1 Jakarta,Tersertifikasi,3,3,Buruh,Ibu Rumah Tangga,5300000,1100000,Denpasar,Bali,Jl. Merdeka No. 049,48000000,900 VA,62-0000000056,kandidat00048@email.com,"-6.2088,-106.7976",-6.1608,-106.7976,0,,2026-05-12 07:28:15.697161+00,Lolos,,2026-05-12 07:28:15.697161+00,SNBT,
,1370204854652191,BAN-00049,Wulan Sirait,Manajemen,0000003201000049,0000003271000049,0020040150,SMA Negeri 3 Bandung,Tidak Tersertifikasi,4,4,Karyawan Swasta,Pedagang,5400000,1200000,Banjarmasin,Kalimantan Selatan,Jl. Diponegoro No. 050,49000000,1300 VA,62-0000000057,kandidat00049@email.com,"-6.2088,-106.7966",-6.1598,-106.7966,0,,2026-05-12 07:28:15.697161+00,Tidak Lolos,,2026-05-12 07:28:15.697161+00,SNBT,
,2040349074441656,BAN-00050,Fitri Handayani,Teknik Informatika,0000003201000050,0000003271000050,0020040151,SMA Negeri 2 Surabaya,Proses Verifikasi,0,5,Petani,Karyawan Swasta,500000,1300000,Jakarta Pusat,DKI Jakarta,Jl. Gajah Mada No. 051,50000000,2200 VA,62-0000000008,kandidat00050@email.com,"-6.2088,-106.7956",-6.1588,-106.7956,0,,2026-05-12 07:28:15.697161+00,Menunggu,,2026-05-12 07:28:15.697161+00,SNBT,
,1717415558192133,BAN-00051,Maya Nurhaliza,Teknik Sipil,0000003301000001,0000003371000001,0020050202,SMA Negeri 2 Cirebon,Tersertifikasi,1,5,Petani Padi,Penjual Makanan,500000,350000,Bekasi,Jawa Tengah,Jl. Pendidikan No. 002,800000,900 VA,62-0000000008,snbp00051@email.com,"-7.1315,-110.3987",-7.13,-110.3987,0,,2026-05-12 07:28:15.697161+00,Tidak Lolos,,2026-05-12 07:28:15.697161+00,SNBP,
,1618805757646817,BAN-00052,Raka Rahmawati,Teknik Industri,0000003301000002,0000003371000002,0020050203,SMA Negeri 3 Pekalongan,Tersertifikasi,2,6,Pedagang Pasar,Asisten Rumah Tangga,600000,450000,Bogor,Jawa Tengah,Jl. Tani No. 003,1600000,1300 VA,62-0000000009,snbp00052@email.com,"-7.1315,-110.3972",-7.1285,-110.3972,0,,2026-05-12 07:28:15.697161+00,Menunggu,,2026-05-12 07:28:15.697161+00,SNBP,
,9846628767521925,BAN-00053,Kartika Wijayanti,Arsitektur,0000003301000003,0000003371000003,0020050204,SMA Negeri 4 Kudus,Tersertifikasi,3,7,Sopir,Buruh,700000,550000,Cirebon,Jawa Tengah,Jl. Nelayan No. 004,2400000,2200 VA,62-0000000010,snbp00053@email.com,"-7.1315,-110.3957",-7.127,-110.3957,0,,2026-05-12 07:28:15.697161+00,Diundur,,2026-05-12 07:28:15.697161+00,SNBP,
,3545346408343416,BAN-00054,Yunita Rahmawati,Akuntansi,0000003301000004,0000003371000004,0020050205,SMA Negeri 6 Cilacap,Tersertifikasi,4,4,Satpam,Pembuat Kerajinan,800000,650000,Pekalongan,Jawa Tengah,Jl. Bersatu No. 005,3200000,450 VA,62-0000000011,snbp00054@email.com,"-7.1315,-110.3942",-7.1255,-110.3942,0,,2026-05-12 07:28:15.697161+00,Lolos,,2026-05-12 07:28:15.697161+00,SNBP,
,5051397159715043,BAN-00055,Dewi Martini,Teknik Informatika,0000003301000005,0000003371000005,0020050206,SMA Negeri 1 Purwokerto,Tersertifikasi,5,5,Tukang,Penjaga Toko,900000,750000,Semarang,Jawa Tengah,Jl. Kemerdekaan No. 006,4000000,900 VA,62-0000000012,snbp00055@email.com,"-7.1315,-110.3927",-7.124,-110.3927,0,,2026-05-12 07:28:15.697161+00,Tidak Lolos,,2026-05-12 07:28:15.697161+00,SNBP,
,3706604557757028,BAN-00056,Lena Sirait,Teknik Sipil,0000003301000006,0000003371000006,0020050207,SMA Negeri 2 Klaten,Tersertifikasi,0,6,Buruh Bangunan,Ibu Rumah Tangga,1000000,850000,Cilacap,Jawa Tengah,Jl. Pemuda No. 007,4800000,1300 VA,62-0000000013,snbp00056@email.com,"-7.1315,-110.3912",-7.1225,-110.3912,0,,2026-05-12 07:28:15.697161+00,Menunggu,,2026-05-12 07:28:15.697161+00,SNBP,
,1041224809562753,BAN-00057,Galih Setiawan,Teknik Industri,0000003301000007,0000003371000007,0020050208,SMA Negeri 3 Rembang,Tersertifikasi,1,7,Karyawan Pabrik,Penjual Makanan,1100000,950000,Purwokerto,Jawa Tengah,Jl. Kartini No. 008,5600000,2200 VA,62-0000000014,snbp00057@email.com,"-7.1315,-110.3897",-7.121,-110.3897,0,,2026-05-12 07:28:15.697161+00,Diundur,,2026-05-12 07:28:15.697161+00,SNBP,
,4650338125656428,BAN-00058,Qori Satria,Arsitektur,0000003301000008,0000003371000008,0020050209,SMA Negeri 1 Tangerang,Tersertifikasi,2,4,Petani Padi,Asisten Rumah Tangga,1200000,1050000,Klaten,Jawa Tengah,Jl. Imam Bonjol No. 009,6400000,450 VA,62-0000000015,snbp00058@email.com,"-7.1315,-110.3882",-7.1195,-110.3882,0,,2026-05-12 07:28:15.697161+00,Lolos,,2026-05-12 07:28:15.697161+00,SNBP,
,5136667113768301,BAN-00059,Dewi Dewi,Akuntansi,0000003301000009,0000003371000009,0020050210,SMA Negeri 2 Cirebon,Tersertifikasi,3,5,Pedagang Pasar,Buruh,1300000,1150000,Rembang,Jawa Tengah,Jl. Pendidikan No. 010,7200000,900 VA,62-0000000016,snbp00059@email.com,"-7.1315,-110.3867",-7.118,-110.3867,0,,2026-05-12 07:28:15.697161+00,Tidak Lolos,,2026-05-12 07:28:15.697161+00,SNBP,
,4381539017889868,BAN-00060,Yoga Santoso,Teknik Informatika,0000003301000010,0000003371000010,0020050211,SMA Negeri 3 Pekalongan,Tersertifikasi,4,6,Sopir,Pembuat Kerajinan,1400000,1250000,Tangerang,Jawa Tengah,Jl. Tani No. 011,8000000,1300 VA,62-0000000017,snbp00060@email.com,"-7.1315,-110.3852",-7.1165,-110.3852,0,,2026-05-12 07:28:15.697161+00,Menunggu,,2026-05-12 07:28:15.697161+00,SNBP,
,8831602899771638,BAN-00061,Laras Hariyanto,Teknik Sipil,0000003301000011,0000003371000011,0020050212,SMA Negeri 4 Kudus,Tersertifikasi,5,7,Satpam,Penjaga Toko,1500000,1350000,Bekasi,Jawa Tengah,Jl. Nelayan No. 012,8800000,2200 VA,62-0000000018,snbp00061@email.com,"-7.1315,-110.3837",-7.115,-110.3837,0,,2026-05-12 07:28:15.697161+00,Diundur,,2026-05-12 07:28:15.697161+00,SNBP,
,1549703033640350,BAN-00062,Rizki Putri,Teknik Industri,0000003301000012,0000003371000012,0020050213,SMA Negeri 6 Cilacap,Tersertifikasi,0,4,Tukang,Ibu Rumah Tangga,1600000,1450000,Bogor,Jawa Tengah,Jl. Bersatu No. 013,9600000,450 VA,62-0000000019,snbp00062@email.com,"-7.1315,-110.3822",-7.1135,-110.3822,0,,2026-05-12 07:28:15.697161+00,Lolos,,2026-05-12 07:28:15.697161+00,SNBP,
,4203649005761644,BAN-00063,Ayu Hariyanto,Arsitektur,0000003301000013,0000003371000013,0020050214,SMA Negeri 1 Purwokerto,Tersertifikasi,1,5,Buruh Bangunan,Penjual Makanan,1700000,1550000,Cirebon,Jawa Tengah,Jl. Kemerdekaan No. 014,10400000,900 VA,62-0000000020,snbp00063@email.com,"-7.1315,-110.3807",-7.112,-110.3807,0,,2026-05-12 07:28:15.697161+00,Tidak Lolos,,2026-05-12 07:28:15.697161+00,SNBP,
,7606462005652334,BAN-00064,Putra Sirait,Akuntansi,0000003301000014,0000003371000014,0020050215,SMA Negeri 2 Klaten,Tersertifikasi,2,6,Karyawan Pabrik,Asisten Rumah Tangga,1800000,1650000,Pekalongan,Jawa Tengah,Jl. Pemuda No. 015,11200000,1300 VA,62-0000000021,snbp00064@email.com,"-7.1315,-110.3792",-7.1105,-110.3792,0,,2026-05-12 07:28:15.697161+00,Menunggu,,2026-05-12 07:28:15.697161+00,SNBP,
,4587437116954622,BAN-00065,Ahmad Prasetyo,Teknik Informatika,0000003301000015,0000003371000015,0020050216,SMA Negeri 3 Rembang,Tersertifikasi,3,7,Petani Padi,Buruh,1900000,1750000,Semarang,Jawa Tengah,Jl. Kartini No. 016,12000000,2200 VA,62-0000000022,snbp00065@email.com,"-7.1315,-110.3777",-7.109,-110.3777,0,,2026-05-12 07:28:15.697161+00,Diundur,,2026-05-12 07:28:15.697161+00,SNBP,
,3642417691303476,BAN-00066,Raka Sirait,Teknik Sipil,0000003301000016,0000003371000016,0020050217,SMA Negeri 1 Tangerang,Tersertifikasi,4,4,Pedagang Pasar,Pembuat Kerajinan,2000000,1850000,Cilacap,Jawa Tengah,Jl. Imam Bonjol No. 017,12800000,450 VA,62-0000000023,snbp00066@email.com,"-7.1315,-110.3762",-7.1075,-110.3762,0,,2026-05-12 07:28:15.697161+00,Lolos,,2026-05-12 07:28:15.697161+00,SNBP,
,4112169760080024,BAN-00067,Ayu Hadiyah,Teknik Industri,0000003301000017,0000003371000017,0020050218,SMA Negeri 2 Cirebon,Tersertifikasi,5,5,Sopir,Penjaga Toko,2100000,1950000,Purwokerto,Jawa Tengah,Jl. Pendidikan No. 018,13600000,900 VA,62-0000000024,snbp00067@email.com,"-7.1315,-110.3747",-7.106,-110.3747,0,,2026-05-12 07:28:15.697161+00,Tidak Lolos,,2026-05-12 07:28:15.697161+00,SNBP,
,9155764814845582,BAN-00068,Vicky Setiawan,Arsitektur,0000003301000018,0000003371000018,0020050219,SMA Negeri 3 Pekalongan,Tersertifikasi,0,6,Satpam,Ibu Rumah Tangga,2200000,2050000,Klaten,Jawa Tengah,Jl. Tani No. 019,14400000,1300 VA,62-0000000025,snbp00068@email.com,"-7.1315,-110.3732",-7.1045,-110.3732,0,,2026-05-12 07:28:15.697161+00,Menunggu,,2026-05-12 07:28:15.697161+00,SNBP,
,2318090987158646,BAN-00069,Laras Maulana,Akuntansi,0000003301000019,0000003371000019,0020050220,SMA Negeri 4 Kudus,Tersertifikasi,1,7,Tukang,Penjual Makanan,2300000,2150000,Rembang,Jawa Tengah,Jl. Nelayan No. 020,15200000,2200 VA,62-0000000026,snbp00069@email.com,"-7.1315,-110.3717",-7.103,-110.3717,0,,2026-05-12 07:28:15.697161+00,Diundur,,2026-05-12 07:28:15.697161+00,SNBP,
,5085821145878426,BAN-00070,Intan Setiawan,Teknik Informatika,0000003301000020,0000003371000020,0020050221,SMA Negeri 6 Cilacap,Tersertifikasi,2,4,Buruh Bangunan,Asisten Rumah Tangga,2400000,2250000,Tangerang,Jawa Tengah,Jl. Bersatu No. 021,16000000,450 VA,62-0000000027,snbp00070@email.com,"-7.1315,-110.3702",-7.1015,-110.3702,0,,2026-05-12 07:28:15.697161+00,Lolos,,2026-05-12 07:28:15.697161+00,SNBP,
,6273779024859020,BAN-00071,Doni Prasetyo,Teknik Sipil,0000003301000021,0000003371000021,0020050222,SMA Negeri 1 Purwokerto,Tersertifikasi,3,5,Karyawan Pabrik,Buruh,2500000,2350000,Bekasi,Jawa Tengah,Jl. Kemerdekaan No. 022,16800000,900 VA,62-0000000028,snbp00071@email.com,"-7.1315,-110.3687",-7.1,-110.3687,0,,2026-05-12 07:28:15.697161+00,Tidak Lolos,,2026-05-12 07:28:15.697161+00,SNBP,
,8187958402518437,BAN-00072,Fauzan Maharani,Teknik Industri,0000003301000022,0000003371000022,0020050223,SMA Negeri 2 Klaten,Tersertifikasi,4,6,Petani Padi,Pembuat Kerajinan,2600000,2450000,Bogor,Jawa Tengah,Jl. Pemuda No. 023,17600000,1300 VA,62-0000000029,snbp00072@email.com,"-7.1315,-110.3672",-7.0985,-110.3672,0,,2026-05-12 07:28:15.697161+00,Menunggu,,2026-05-12 07:28:15.697161+00,SNBP,
,2661523430815364,BAN-00073,Siti Rahman,Arsitektur,0000003301000023,0000003371000023,0020050224,SMA Negeri 3 Rembang,Tersertifikasi,5,7,Pedagang Pasar,Penjaga Toko,2700000,2550000,Cirebon,Jawa Tengah,Jl. Kartini No. 024,18400000,2200 VA,62-0000000030,snbp00073@email.com,"-7.1315,-110.3657",-7.097,-110.3657,0,,2026-05-12 07:28:15.697161+00,Diundur,,2026-05-12 07:28:15.697161+00,SNBP,
,7231040371694752,BAN-00074,Okta Prasetyo,Akuntansi,0000003301000024,0000003371000024,0020050225,SMA Negeri 1 Tangerang,Tersertifikasi,0,4,Sopir,Ibu Rumah Tangga,2800000,2650000,Pekalongan,Jawa Tengah,Jl. Imam Bonjol No. 025,19200000,450 VA,62-0000000031,snbp00074@email.com,"-7.1315,-110.3642",-7.0955,-110.3642,0,,2026-05-12 07:28:15.697161+00,Lolos,,2026-05-12 07:28:15.697161+00,SNBP,
,4326479329358882,BAN-00075,Doni Satria,Teknik Informatika,0000003301000025,0000003371000025,0020050226,SMA Negeri 2 Cirebon,Tersertifikasi,1,5,Satpam,Penjual Makanan,2900000,2750000,Semarang,Jawa Tengah,Jl. Pendidikan No. 026,20000000,900 VA,62-0000000032,snbp00075@email.com,"-7.1315,-110.3627",-7.094,-110.3627,0,,2026-05-12 07:28:15.697161+00,Tidak Lolos,,2026-05-12 07:28:15.697161+00,SNBP,
,7714039093496181,BAN-00076,Budi Wirawan,Teknik Sipil,0000003301000026,0000003371000026,0020050227,SMA Negeri 3 Pekalongan,Tersertifikasi,2,6,Tukang,Asisten Rumah Tangga,3000000,2850000,Cilacap,Jawa Tengah,Jl. Tani No. 027,20800000,1300 VA,62-0000000033,snbp00076@email.com,"-7.1315,-110.3612",-7.0925,-110.3612,0,,2026-05-12 07:28:15.697161+00,Menunggu,,2026-05-12 07:28:15.697161+00,SNBP,
,8766689743274236,BAN-00077,Maya Rahmawati,Teknik Industri,0000003301000027,0000003371000027,0020050228,SMA Negeri 4 Kudus,Tersertifikasi,3,7,Buruh Bangunan,Buruh,3100000,2950000,Purwokerto,Jawa Tengah,Jl. Nelayan No. 028,21600000,2200 VA,62-0000000034,snbp00077@email.com,"-7.1315,-110.3597",-7.091,-110.3597,0,,2026-05-12 07:28:15.697161+00,Diundur,,2026-05-12 07:28:15.697161+00,SNBP,
,9627439782553644,BAN-00078,Mira Hermawan,Arsitektur,0000003301000028,0000003371000028,0020050229,SMA Negeri 6 Cilacap,Tersertifikasi,4,4,Karyawan Pabrik,Pembuat Kerajinan,3200000,3050000,Klaten,Jawa Tengah,Jl. Bersatu No. 029,22400000,450 VA,62-0000000035,snbp00078@email.com,"-7.1315,-110.3582",-7.0895,-110.3582,0,,2026-05-12 07:28:15.697161+00,Lolos,,2026-05-12 07:28:15.697161+00,SNBP,
,8714526331659477,BAN-00079,Siti Oktaviani,Akuntansi,0000003301000029,0000003371000029,0020050230,SMA Negeri 1 Purwokerto,Tersertifikasi,5,5,Petani Padi,Penjaga Toko,3300000,3150000,Rembang,Jawa Tengah,Jl. Kemerdekaan No. 030,23200000,900 VA,62-0000000036,snbp00079@email.com,"-7.1315,-110.3567",-7.088,-110.3567,0,,2026-05-12 07:28:15.697161+00,Tidak Lolos,,2026-05-12 07:28:15.697161+00,SNBP,
,3730443734983280,BAN-00080,Vicky Soekarno,Teknik Informatika,0000003301000030,0000003371000030,0020050231,SMA Negeri 2 Klaten,Tersertifikasi,0,6,Pedagang Pasar,Ibu Rumah Tangga,3400000,250000,Tangerang,Jawa Tengah,Jl. Pemuda No. 031,24000000,1300 VA,62-0000000037,snbp00080@email.com,"-7.1315,-110.3552",-7.0865,-110.3552,0,,2026-05-12 07:28:15.697161+00,Menunggu,,2026-05-12 07:28:15.697161+00,SNBP,
,9783014343615394,BAN-00081,Doni Dewi,Teknik Sipil,0000003301000031,0000003371000031,0020050232,SMA Negeri 3 Rembang,Tersertifikasi,1,7,Sopir,Penjual Makanan,3500000,350000,Bekasi,Jawa Tengah,Jl. Kartini No. 032,24800000,2200 VA,62-0000000038,snbp00081@email.com,"-7.1315,-110.3537",-7.085,-110.3537,0,,2026-05-12 07:28:15.697161+00,Diundur,,2026-05-12 07:28:15.697161+00,SNBP,
,9392308892182175,BAN-00082,Mega Hasanah,Teknik Industri,0000003301000032,0000003371000032,0020050233,SMA Negeri 1 Tangerang,Tersertifikasi,2,4,Satpam,Asisten Rumah Tangga,3600000,450000,Bogor,Jawa Tengah,Jl. Imam Bonjol No. 033,25600000,450 VA,62-0000000039,snbp00082@email.com,"-7.1315,-110.3522",-7.0835,-110.3522,0,,2026-05-12 07:28:15.697161+00,Lolos,,2026-05-12 07:28:15.697161+00,SNBP,
,7138514345321604,BAN-00083,Eka Hadiyah,Arsitektur,0000003301000033,0000003371000033,0020050234,SMA Negeri 2 Cirebon,Tersertifikasi,3,5,Tukang,Buruh,3700000,550000,Cirebon,Jawa Tengah,Jl. Pendidikan No. 034,26400000,900 VA,62-0000000040,snbp00083@email.com,"-7.1315,-110.3507",-7.082,-110.3507,0,,2026-05-12 07:28:15.697161+00,Tidak Lolos,,2026-05-12 07:28:15.697161+00,SNBP,
,9942787750345591,BAN-00084,Rizki Wahyuni,Akuntansi,0000003301000034,0000003371000034,0020050235,SMA Negeri 3 Pekalongan,Tersertifikasi,4,6,Buruh Bangunan,Pembuat Kerajinan,3800000,650000,Pekalongan,Jawa Tengah,Jl. Tani No. 035,27200000,1300 VA,62-0000000041,snbp00084@email.com,"-7.1315,-110.3492",-7.0805,-110.3492,0,,2026-05-12 07:28:15.697161+00,Menunggu,,2026-05-12 07:28:15.697161+00,SNBP,
,1541613202841235,BAN-00085,Yoga Maharani,Teknik Informatika,0000003301000035,0000003371000035,0020050236,SMA Negeri 4 Kudus,Tersertifikasi,5,7,Karyawan Pabrik,Penjaga Toko,3900000,750000,Semarang,Jawa Tengah,Jl. Nelayan No. 036,28000000,2200 VA,62-0000000042,snbp00085@email.com,"-7.1315,-110.3477",-7.079,-110.3477,0,,2026-05-12 07:28:15.697161+00,Diundur,,2026-05-12 07:28:15.697161+00,SNBP,
,2607021302897733,BAN-00086,Yunita Handayani,Teknik Sipil,0000003301000036,0000003371000036,0020050237,SMA Negeri 6 Cilacap,Tersertifikasi,0,4,Petani Padi,Ibu Rumah Tangga,4000000,850000,Cilacap,Jawa Tengah,Jl. Bersatu No. 037,28800000,450 VA,62-0000000043,snbp00086@email.com,"-7.1315,-110.3462",-7.0775,-110.3462,0,,2026-05-12 07:28:15.697161+00,Lolos,,2026-05-12 07:28:15.697161+00,SNBP,
,7311897169857608,BAN-00087,Budi Satria,Teknik Industri,0000003301000037,0000003371000037,0020050238,SMA Negeri 1 Purwokerto,Tersertifikasi,1,5,Pedagang Pasar,Penjual Makanan,4100000,950000,Purwokerto,Jawa Tengah,Jl. Kemerdekaan No. 038,29600000,900 VA,62-0000000044,snbp00087@email.com,"-7.1315,-110.3447",-7.076,-110.3447,0,,2026-05-12 07:28:15.697161+00,Tidak Lolos,,2026-05-12 07:28:15.697161+00,SNBP,
,3247171168664729,BAN-00088,Hendra Handayani,Arsitektur,0000003301000038,0000003371000038,0020050239,SMA Negeri 2 Klaten,Tersertifikasi,2,6,Sopir,Asisten Rumah Tangga,4200000,1050000,Klaten,Jawa Tengah,Jl. Pemuda No. 039,30400000,1300 VA,62-0000000045,snbp00088@email.com,"-7.1315,-110.3432",-7.0745,-110.3432,0,,2026-05-12 07:28:15.697161+00,Menunggu,,2026-05-12 07:28:15.697161+00,SNBP,
,1339684507813077,BAN-00089,Doni Permatasari,Akuntansi,0000003301000039,0000003371000039,0020050240,SMA Negeri 3 Rembang,Tersertifikasi,3,7,Satpam,Buruh,4300000,1150000,Rembang,Jawa Tengah,Jl. Kartini No. 040,31200000,2200 VA,62-0000000046,snbp00089@email.com,"-7.1315,-110.3417",-7.073,-110.3417,0,,2026-05-12 07:28:15.697161+00,Diundur,,2026-05-12 07:28:15.697161+00,SNBP,
,1029890179442268,BAN-00090,Mira Anggraini,Teknik Informatika,0000003301000040,0000003371000040,0020050241,SMA Negeri 1 Tangerang,Tersertifikasi,4,4,Tukang,Pembuat Kerajinan,400000,1250000,Tangerang,Jawa Tengah,Jl. Imam Bonjol No. 041,32000000,450 VA,62-0000000047,snbp00090@email.com,"-7.1315,-110.3402",-7.0715,-110.3402,0,,2026-05-12 07:28:15.697161+00,Lolos,,2026-05-12 07:28:15.697161+00,SNBP,
,1664689499722930,BAN-00091,Wahyu Maulana,Teknik Sipil,0000003301000041,0000003371000041,0020050242,SMA Negeri 2 Cirebon,Tersertifikasi,5,5,Buruh Bangunan,Penjaga Toko,500000,1350000,Bekasi,Jawa Tengah,Jl. Pendidikan No. 042,32800000,900 VA,62-0000000048,snbp00091@email.com,"-7.1315,-110.3387",-7.07,-110.3387,0,,2026-05-12 07:28:15.697161+00,Tidak Lolos,,2026-05-12 07:28:15.697161+00,SNBP,
,1299640090022313,BAN-00092,Rudi Hadiyah,Teknik Industri,0000003301000042,0000003371000042,0020050243,SMA Negeri 3 Pekalongan,Tersertifikasi,0,6,Karyawan Pabrik,Ibu Rumah Tangga,600000,1450000,Bogor,Jawa Tengah,Jl. Tani No. 043,33600000,1300 VA,62-0000000049,snbp00092@email.com,"-7.1315,-110.3372",-7.0685,-110.3372,0,,2026-05-12 07:28:15.697161+00,Menunggu,,2026-05-12 07:28:15.697161+00,SNBP,
,2460434607521739,BAN-00093,Joko Wibowo,Arsitektur,0000003301000043,0000003371000043,0020050244,SMA Negeri 4 Kudus,Tersertifikasi,1,7,Petani Padi,Penjual Makanan,700000,1550000,Cirebon,Jawa Tengah,Jl. Nelayan No. 044,34400000,2200 VA,62-0000000050,snbp00093@email.com,"-7.1315,-110.3357",-7.067,-110.3357,0,,2026-05-12 07:28:15.697161+00,Diundur,,2026-05-12 07:28:15.697161+00,SNBP,
,5890587599210311,BAN-00094,Agus Wirawan,Akuntansi,0000003301000044,0000003371000044,0020050245,SMA Negeri 6 Cilacap,Tersertifikasi,2,4,Pedagang Pasar,Asisten Rumah Tangga,800000,1650000,Pekalongan,Jawa Tengah,Jl. Bersatu No. 045,35200000,450 VA,62-0000000051,snbp00094@email.com,"-7.1315,-110.3342",-7.0655,-110.3342,0,,2026-05-12 07:28:15.697161+00,Lolos,,2026-05-12 07:28:15.697161+00,SNBP,
,4438592090029019,BAN-00095,Fitri Wirawan,Teknik Informatika,0000003301000045,0000003371000045,0020050246,SMA Negeri 1 Purwokerto,Tersertifikasi,3,5,Sopir,Buruh,900000,1750000,Semarang,Jawa Tengah,Jl. Kemerdekaan No. 046,36000000,900 VA,62-0000000052,snbp00095@email.com,"-7.1315,-110.3327",-7.064,-110.3327,0,,2026-05-12 07:28:15.697161+00,Tidak Lolos,,2026-05-12 07:28:15.697161+00,SNBP,
,5203137335259908,BAN-00096,Dwi Rahmawati,Teknik Sipil,0000003301000046,0000003371000046,0020050247,SMA Negeri 2 Klaten,Tersertifikasi,4,6,Satpam,Pembuat Kerajinan,1000000,1850000,Cilacap,Jawa Tengah,Jl. Pemuda No. 047,36800000,1300 VA,62-0000000053,snbp00096@email.com,"-7.1315,-110.3312",-7.0625,-110.3312,0,,2026-05-12 07:28:15.697161+00,Menunggu,,2026-05-12 07:28:15.697161+00,SNBP,
,1318649287858008,BAN-00097,Intan Purnomo,Teknik Industri,0000003301000047,0000003371000047,0020050248,SMA Negeri 3 Rembang,Tersertifikasi,5,7,Tukang,Penjaga Toko,1100000,1950000,Purwokerto,Jawa Tengah,Jl. Kartini No. 048,37600000,2200 VA,62-0000000054,snbp00097@email.com,"-7.1315,-110.3297",-7.061,-110.3297,0,,2026-05-12 07:28:15.697161+00,Diundur,,2026-05-12 07:28:15.697161+00,SNBP,
,9534869777952940,BAN-00098,Luthfi Setiawan,Arsitektur,0000003301000048,0000003371000048,0020050249,SMA Negeri 1 Tangerang,Tersertifikasi,0,4,Buruh Bangunan,Ibu Rumah Tangga,1200000,2050000,Klaten,Jawa Tengah,Jl. Imam Bonjol No. 049,38400000,450 VA,62-0000000055,snbp00098@email.com,"-7.1315,-110.3282",-7.0595,-110.3282,0,,2026-05-12 07:28:15.697161+00,Lolos,,2026-05-12 07:28:15.697161+00,SNBP,
,1994844969319604,BAN-00099,Yoga Hermawan,Akuntansi,0000003301000049,0000003371000049,0020050250,SMA Negeri 2 Cirebon,Tersertifikasi,1,5,Karyawan Pabrik,Penjual Makanan,1300000,2150000,Rembang,Jawa Tengah,Jl. Pendidikan No. 050,39200000,900 VA,62-0000000056,snbp00099@email.com,"-7.1315,-110.3267",-7.058,-110.3267,0,,2026-05-12 07:28:15.697161+00,Tidak Lolos,,2026-05-12 07:28:15.697161+00,SNBP,
,6746642510716530,BAN-00100,Ratna Firmansyah,Teknik Informatika,0000003301000050,0000003371000050,0020050251,SMA Negeri 3 Pekalongan,Tersertifikasi,2,6,Petani Padi,Asisten Rumah Tangga,1400000,2250000,Tangerang,Jawa Tengah,Jl. Tani No. 051,40000000,1300 VA,62-0000000007,snbp00100@email.com,"-7.1315,-110.3252",-7.0565,-110.3252,0,,2026-05-12 07:28:15.697161+00,Menunggu,,2026-05-12 07:28:15.697161+00,SNBP,
,3252770954981621,BAN-00101,Putri Sirait,Teknik Otomasi,0000003401000001,0000003471000001,0020030302,SMA Swasta Taruna,Tidak Tersertifikasi,1,4,Direktur Perusahaan,Dokter,2500000,2000000,Bandung Kota,Jawa Barat,Jl. Senayan No. 002,5000000,3600 VA,62-0000000010,um00101@email.com,"-6.2756,-106.8252",-6.2736,-106.8252,0,,2026-05-12 07:28:15.697161+00,Tidak Lolos,,2026-05-12 07:28:15.697161+00,UM,
,5240687918040693,BAN-00102,Taufik Hermawan,Hukum,0000003401000002,0000003471000002,0020030303,SMA Swasta Kristen,Tersertifikasi,2,5,Konsultan Bisnis,Guru,3000000,2500000,Surabaya Pusat,Jawa Timur,Jl. Pondok Indah No. 003,10000000,4400 VA,62-0000000011,um00102@email.com,"-6.2756,-106.8232",-6.2716,-106.8232,0,,2026-05-12 07:28:15.697161+00,Menunggu,,2026-05-12 07:28:15.697161+00,UM,
,9942421247904239,BAN-00103,Hani Anggraini,Ekonomi Pembangunan,0000003401000003,0000003471000003,0020030304,SMA Swasta Kanisius,Tidak Tersertifikasi,3,3,Manager,Entrepreneur,3500000,3000000,Medan Kota,Sumatera Utara,Jl. Menteng No. 004,15000000,5500 VA,62-0000000012,um00103@email.com,"-6.2756,-106.8212",-6.2696,-106.8212,0,,2026-05-12 07:28:15.697161+00,Diundur,,2026-05-12 07:28:15.697161+00,UM,
,5530609821261376,BAN-00104,Taufik Kurniawan,Bisnis,0000003401000004,0000003471000004,0020030305,SMA Swasta Santa Maria,Tersertifikasi,0,4,Dokter,Profesional,4000000,3500000,Semarang Tengah,Jawa Tengah,Jl. Blok M No. 005,20000000,2200 VA,62-0000000013,um00104@email.com,"-6.2756,-106.8192",-6.2676,-106.8192,0,,2026-05-12 07:28:15.697161+00,Lolos,,2026-05-12 07:28:15.697161+00,UM,
,9060145957275803,BAN-00105,Nisa Putri,Teknik Komputer,0000003401000005,0000003471000005,0020030306,SMA Swasta Sampoerna,Tidak Tersertifikasi,1,5,Advokat,Manager,4500000,4000000,Yogyakarta Kota,DI Yogyakarta,Jl. Permata No. 006,25000000,3600 VA,62-0000000014,um00105@email.com,"-6.2756,-106.8172",-6.2656,-106.8172,0,,2026-05-12 07:28:15.697161+00,Tidak Lolos,,2026-05-12 07:28:15.697161+00,UM,
,1612255992631768,BAN-00106,Okta Sirait,Teknik Otomasi,0000003401000006,0000003471000006,0020030307,SMA Swasta Dian Harapan,Tersertifikasi,2,3,Arsitek,Ibu Rumah Tangga,5000000,4500000,Palembang Ilir,Sumatera Selatan,Jl. Elang No. 007,30000000,4400 VA,62-0000000015,um00106@email.com,"-6.2756,-106.8152",-6.2636,-106.8152,0,,2026-05-12 07:28:15.697161+00,Menunggu,,2026-05-12 07:28:15.697161+00,UM,
,5696858329157056,BAN-00107,Lena Handayani,Hukum,0000003401000007,0000003471000007,0020030308,SMA Swasta Labschool,Tidak Tersertifikasi,3,4,Insinyur,Dokter,5500000,5000000,Makassar Kota,Sulawesi Selatan,Jl. Bintaro No. 008,35000000,5500 VA,62-0000000016,um00107@email.com,"-6.2756,-106.8132",-6.2616,-106.8132,0,,2026-05-12 07:28:15.697161+00,Diundur,,2026-05-12 07:28:15.697161+00,UM,
,4129309282565341,BAN-00108,Ahmad Kusuma,Ekonomi Pembangunan,0000003401000008,0000003471000008,0020030309,SMA Swasta Al-Azhar,Tersertifikasi,0,5,Pengusaha Sukses,Guru,6000000,5500000,Denpasar,Bali,Jl. Kelapa Gading No. 009,40000000,2200 VA,62-0000000017,um00108@email.com,"-6.2756,-106.8112",-6.2596,-106.8112,0,,2026-05-12 07:28:15.697161+00,Lolos,,2026-05-12 07:28:15.697161+00,UM,
,3650578755587661,BAN-00109,Arif Kusuma,Bisnis,0000003401000009,0000003471000009,0020030310,SMA Swasta Taruna,Tidak Tersertifikasi,1,3,Direktur Perusahaan,Entrepreneur,6500000,6000000,Banjarmasin,Kalimantan Selatan,Jl. Puri No. 010,45000000,3600 VA,62-0000000018,um00109@email.com,"-6.2756,-106.8092",-6.2576,-106.8092,0,,2026-05-12 07:28:15.697161+00,Tidak Lolos,,2026-05-12 07:28:15.697161+00,UM,
,3191228799075254,BAN-00110,Wahyu Rahman,Teknik Komputer,0000003401000010,0000003471000010,0020030311,SMA Swasta Kristen,Tersertifikasi,2,4,Konsultan Bisnis,Profesional,7000000,6500000,Jakarta Selatan,DKI Jakarta,Jl. Rasuna Said No. 011,50000000,4400 VA,62-0000000019,um00110@email.com,"-6.2756,-106.8072",-6.2556,-106.8072,0,,2026-05-12 07:28:15.697161+00,Menunggu,,2026-05-12 07:28:15.697161+00,UM,
,2642248511461116,BAN-00111,Hendra Soekarno,Teknik Otomasi,0000003401000011,0000003471000011,0020030312,SMA Swasta Kanisius,Tidak Tersertifikasi,3,5,Manager,Manager,7500000,7000000,Bandung Kota,Jawa Barat,Jl. Senayan No. 012,55000000,5500 VA,62-0000000020,um00111@email.com,"-6.2756,-106.8052",-6.2536,-106.8052,0,,2026-05-12 07:28:15.697161+00,Diundur,,2026-05-12 07:28:15.697161+00,UM,
,4323673687894582,BAN-00112,Ayu Lestari,Hukum,0000003401000012,0000003471000012,0020030313,SMA Swasta Santa Maria,Tersertifikasi,0,3,Dokter,Ibu Rumah Tangga,8000000,7500000,Surabaya Pusat,Jawa Timur,Jl. Pondok Indah No. 013,60000000,2200 VA,62-0000000021,um00112@email.com,"-6.2756,-106.8032",-6.2516,-106.8032,0,,2026-05-12 07:28:15.697161+00,Lolos,,2026-05-12 07:28:15.697161+00,UM,
,3417830046673582,BAN-00113,Sari Putri,Ekonomi Pembangunan,0000003401000013,0000003471000013,0020030314,SMA Swasta Sampoerna,Tidak Tersertifikasi,1,4,Advokat,Dokter,8500000,8000000,Medan Kota,Sumatera Utara,Jl. Menteng No. 014,65000000,3600 VA,62-0000000022,um00113@email.com,"-6.2756,-106.8012",-6.2496,-106.8012,0,,2026-05-12 07:28:15.697161+00,Tidak Lolos,,2026-05-12 07:28:15.697161+00,UM,
,9452657172664219,BAN-00114,Bayu Pratama,Bisnis,0000003401000014,0000003471000014,0020030315,SMA Swasta Dian Harapan,Tersertifikasi,2,5,Arsitek,Guru,9000000,8500000,Semarang Tengah,Jawa Tengah,Jl. Blok M No. 015,70000000,4400 VA,62-0000000023,um00114@email.com,"-6.2756,-106.7992",-6.2476,-106.7992,0,,2026-05-12 07:28:15.697161+00,Menunggu,,2026-05-12 07:28:15.697161+00,UM,
,1705312651284515,BAN-00115,Budi Wijayanti,Teknik Komputer,0000003401000015,0000003471000015,0020030316,SMA Swasta Labschool,Tidak Tersertifikasi,3,3,Insinyur,Entrepreneur,9500000,9000000,Yogyakarta Kota,DI Yogyakarta,Jl. Permata No. 016,75000000,5500 VA,62-0000000024,um00115@email.com,"-6.2756,-106.7972",-6.2456,-106.7972,0,,2026-05-12 07:28:15.697161+00,Diundur,,2026-05-12 07:28:15.697161+00,UM,
,5006944924319973,BAN-00116,Mira Saputra,Teknik Otomasi,0000003401000016,0000003471000016,0020030317,SMA Swasta Al-Azhar,Tersertifikasi,0,4,Pengusaha Sukses,Profesional,10000000,9500000,Palembang Ilir,Sumatera Selatan,Jl. Elang No. 017,80000000,2200 VA,62-0000000025,um00116@email.com,"-6.2756,-106.7952",-6.2436,-106.7952,0,,2026-05-12 07:28:15.697161+00,Lolos,,2026-05-12 07:28:15.697161+00,UM,
,8713318100979500,BAN-00117,Kartini Hasanah,Hukum,0000003401000017,0000003471000017,0020030318,SMA Swasta Taruna,Tidak Tersertifikasi,1,5,Direktur Perusahaan,Manager,10500000,10000000,Makassar Kota,Sulawesi Selatan,Jl. Bintaro No. 018,85000000,3600 VA,62-0000000026,um00117@email.com,"-6.2756,-106.7932",-6.2416,-106.7932,0,,2026-05-12 07:28:15.697161+00,Tidak Lolos,,2026-05-12 07:28:15.697161+00,UM,
,3899850881719398,BAN-00118,Dian Anggraini,Ekonomi Pembangunan,0000003401000018,0000003471000018,0020030319,SMA Swasta Kristen,Tersertifikasi,2,3,Konsultan Bisnis,Ibu Rumah Tangga,11000000,10500000,Denpasar,Bali,Jl. Kelapa Gading No. 019,90000000,4400 VA,62-0000000027,um00118@email.com,"-6.2756,-106.7912",-6.2396,-106.7912,0,,2026-05-12 07:28:15.697161+00,Menunggu,,2026-05-12 07:28:15.697161+00,UM,
,8751274273550721,BAN-00119,Dian Nurhaliza,Bisnis,0000003401000019,0000003471000019,0020030320,SMA Swasta Kanisius,Tidak Tersertifikasi,3,4,Manager,Dokter,11500000,11000000,Banjarmasin,Kalimantan Selatan,Jl. Puri No. 020,95000000,5500 VA,62-0000000028,um00119@email.com,"-6.2756,-106.7892",-6.2376,-106.7892,0,,2026-05-12 07:28:15.697161+00,Diundur,,2026-05-12 07:28:15.697161+00,UM,
,3971267337289218,BAN-00120,Fauzan Putri,Teknik Komputer,0000003401000020,0000003471000020,0020030321,SMA Swasta Santa Maria,Tersertifikasi,0,5,Dokter,Guru,12000000,11500000,Jakarta Selatan,DKI Jakarta,Jl. Rasuna Said No. 021,100000000,2200 VA,62-0000000029,um00120@email.com,"-6.2756,-106.7872",-6.2356,-106.7872,0,,2026-05-12 07:28:15.697161+00,Lolos,,2026-05-12 07:28:15.697161+00,UM,
,6160261117475781,BAN-00121,Yunita Wijayanti,Teknik Otomasi,0000003401000021,0000003471000021,0020030322,SMA Swasta Sampoerna,Tidak Tersertifikasi,1,3,Advokat,Entrepreneur,12500000,12000000,Bandung Kota,Jawa Barat,Jl. Senayan No. 022,105000000,3600 VA,62-0000000030,um00121@email.com,"-6.2756,-106.7852",-6.2336,-106.7852,0,,2026-05-12 07:28:15.697161+00,Tidak Lolos,,2026-05-12 07:28:15.697161+00,UM,
,2007710121843333,BAN-00122,Fauzan Prasetyo,Hukum,0000003401000022,0000003471000022,0020030323,SMA Swasta Dian Harapan,Tersertifikasi,2,4,Arsitek,Profesional,13000000,12500000,Surabaya Pusat,Jawa Timur,Jl. Pondok Indah No. 023,110000000,4400 VA,62-0000000031,um00122@email.com,"-6.2756,-106.7832",-6.2316,-106.7832,0,,2026-05-12 07:28:15.697161+00,Menunggu,,2026-05-12 07:28:15.697161+00,UM,
,5099106185315465,BAN-00123,Dwi Wahyuni,Ekonomi Pembangunan,0000003401000023,0000003471000023,0020030324,SMA Swasta Labschool,Tidak Tersertifikasi,3,5,Insinyur,Manager,13500000,13000000,Medan Kota,Sumatera Utara,Jl. Menteng No. 024,115000000,5500 VA,62-0000000032,um00123@email.com,"-6.2756,-106.7812",-6.2296,-106.7812,0,,2026-05-12 07:28:15.697161+00,Diundur,,2026-05-12 07:28:15.697161+00,UM,
,7101103586785121,BAN-00124,Taufik Wibowo,Bisnis,0000003401000024,0000003471000024,0020030325,SMA Swasta Al-Azhar,Tersertifikasi,0,3,Pengusaha Sukses,Ibu Rumah Tangga,14000000,13500000,Semarang Tengah,Jawa Tengah,Jl. Blok M No. 025,120000000,2200 VA,62-0000000033,um00124@email.com,"-6.2756,-106.7792",-6.2276,-106.7792,0,,2026-05-12 07:28:15.697161+00,Lolos,,2026-05-12 07:28:15.697161+00,UM,
,1070514210649937,BAN-00125,Dewi Santoso,Teknik Komputer,0000003401000025,0000003471000025,0020030326,SMA Swasta Taruna,Tidak Tersertifikasi,1,4,Direktur Perusahaan,Dokter,14500000,14000000,Yogyakarta Kota,DI Yogyakarta,Jl. Permata No. 026,125000000,3600 VA,62-0000000034,um00125@email.com,"-6.2756,-106.7772",-6.2256,-106.7772,0,,2026-05-12 07:28:15.697161+00,Tidak Lolos,,2026-05-12 07:28:15.697161+00,UM,
,6498271657363446,BAN-00126,Wini Pratama,Teknik Otomasi,0000003401000026,0000003471000026,0020030327,SMA Swasta Kristen,Tersertifikasi,2,5,Konsultan Bisnis,Guru,15000000,14500000,Palembang Ilir,Sumatera Selatan,Jl. Elang No. 027,130000000,4400 VA,62-0000000035,um00126@email.com,"-6.2756,-106.7752",-6.2236,-106.7752,0,,2026-05-12 07:28:15.697161+00,Menunggu,,2026-05-12 07:28:15.697161+00,UM,
,6003591949510286,BAN-00127,Maya Anggraini,Hukum,0000003401000027,0000003471000027,0020030328,SMA Swasta Kanisius,Tidak Tersertifikasi,3,3,Manager,Entrepreneur,15500000,15000000,Makassar Kota,Sulawesi Selatan,Jl. Bintaro No. 028,135000000,5500 VA,62-0000000036,um00127@email.com,"-6.2756,-106.7732",-6.2216,-106.7732,0,,2026-05-12 07:28:15.697161+00,Diundur,,2026-05-12 07:28:15.697161+00,UM,
,3774848878980582,BAN-00128,Fajar Setiawan,Ekonomi Pembangunan,0000003401000028,0000003471000028,0020030329,SMA Swasta Santa Maria,Tersertifikasi,0,4,Dokter,Profesional,16000000,15500000,Denpasar,Bali,Jl. Kelapa Gading No. 029,140000000,2200 VA,62-0000000037,um00128@email.com,"-6.2756,-106.7712",-6.2196,-106.7712,0,,2026-05-12 07:28:15.697161+00,Lolos,,2026-05-12 07:28:15.697161+00,UM,
,3682003556067025,BAN-00129,Indah Ramadhan,Bisnis,0000003401000029,0000003471000029,0020030330,SMA Swasta Sampoerna,Tidak Tersertifikasi,1,5,Advokat,Manager,16500000,16000000,Banjarmasin,Kalimantan Selatan,Jl. Puri No. 030,145000000,3600 VA,62-0000000038,um00129@email.com,"-6.2756,-106.7692",-6.2176,-106.7692,0,,2026-05-12 07:28:15.697161+00,Tidak Lolos,,2026-05-12 07:28:15.697161+00,UM,
,8374801605906948,BAN-00130,Andi Santoso,Teknik Komputer,0000003401000030,0000003471000030,0020030331,SMA Swasta Dian Harapan,Tersertifikasi,2,3,Arsitek,Ibu Rumah Tangga,17000000,16500000,Jakarta Selatan,DKI Jakarta,Jl. Rasuna Said No. 031,150000000,4400 VA,62-0000000039,um00130@email.com,"-6.2756,-106.7672",-6.2156,-106.7672,0,,2026-05-12 07:28:15.697161+00,Menunggu,,2026-05-12 07:28:15.697161+00,UM,
,7702151908388860,BAN-00131,Galih Hadiyah,Teknik Otomasi,0000003401000031,0000003471000031,0020030332,SMA Swasta Labschool,Tidak Tersertifikasi,3,4,Insinyur,Dokter,17500000,17000000,Bandung Kota,Jawa Barat,Jl. Senayan No. 032,155000000,5500 VA,62-0000000040,um00131@email.com,"-6.2756,-106.7652",-6.2136,-106.7652,0,,2026-05-12 07:28:15.697161+00,Diundur,,2026-05-12 07:28:15.697161+00,UM,
,2149078266192547,BAN-00132,Lena Hadiyah,Hukum,0000003401000032,0000003471000032,0020030333,SMA Swasta Al-Azhar,Tersertifikasi,0,5,Pengusaha Sukses,Guru,18000000,17500000,Surabaya Pusat,Jawa Timur,Jl. Pondok Indah No. 033,160000000,2200 VA,62-0000000041,um00132@email.com,"-6.2756,-106.7632",-6.2116,-106.7632,0,,2026-05-12 07:28:15.697161+00,Lolos,,2026-05-12 07:28:15.697161+00,UM,
,1872559564560555,BAN-00133,Lestari Permatasari,Ekonomi Pembangunan,0000003401000033,0000003471000033,0020030334,SMA Swasta Taruna,Tidak Tersertifikasi,1,3,Direktur Perusahaan,Entrepreneur,18500000,18000000,Medan Kota,Sumatera Utara,Jl. Menteng No. 034,165000000,3600 VA,62-0000000042,um00133@email.com,"-6.2756,-106.7612",-6.2096,-106.7612,0,,2026-05-12 07:28:15.697161+00,Tidak Lolos,,2026-05-12 07:28:15.697161+00,UM,
,9563537740143940,BAN-00134,Fauzan Satria,Bisnis,0000003401000034,0000003471000034,0020030335,SMA Swasta Kristen,Tersertifikasi,2,4,Konsultan Bisnis,Profesional,19000000,18500000,Semarang Tengah,Jawa Tengah,Jl. Blok M No. 035,170000000,4400 VA,62-0000000043,um00134@email.com,"-6.2756,-106.7592",-6.2076,-106.7592,0,,2026-05-12 07:28:15.697161+00,Menunggu,,2026-05-12 07:28:15.697161+00,UM,
,2114799736295840,BAN-00135,Yoga Oktaviani,Teknik Komputer,0000003401000035,0000003471000035,0020030336,SMA Swasta Kanisius,Tidak Tersertifikasi,3,5,Manager,Manager,19500000,19000000,Yogyakarta Kota,DI Yogyakarta,Jl. Permata No. 036,175000000,5500 VA,62-0000000044,um00135@email.com,"-6.2756,-106.7572",-6.2056,-106.7572,0,,2026-05-12 07:28:15.697161+00,Diundur,,2026-05-12 07:28:15.697161+00,UM,
,5926625782339742,BAN-00136,Rizki Hermawan,Teknik Otomasi,0000003401000036,0000003471000036,0020030337,SMA Swasta Santa Maria,Tersertifikasi,0,3,Dokter,Ibu Rumah Tangga,20000000,19500000,Palembang Ilir,Sumatera Selatan,Jl. Elang No. 037,180000000,2200 VA,62-0000000045,um00136@email.com,"-6.2756,-106.7552",-6.2036,-106.7552,0,,2026-05-12 07:28:15.697161+00,Lolos,,2026-05-12 07:28:15.697161+00,UM,
,7311425157373499,BAN-00137,Laras Firmansyah,Hukum,0000003401000037,0000003471000037,0020030338,SMA Swasta Sampoerna,Tidak Tersertifikasi,1,4,Advokat,Dokter,20500000,20000000,Makassar Kota,Sulawesi Selatan,Jl. Bintaro No. 038,185000000,3600 VA,62-0000000046,um00137@email.com,"-6.2756,-106.7532",-6.2016,-106.7532,0,,2026-05-12 07:28:15.697161+00,Tidak Lolos,,2026-05-12 07:28:15.697161+00,UM,
,9851083835708573,BAN-00138,Rina Setiawan,Ekonomi Pembangunan,0000003401000038,0000003471000038,0020030339,SMA Swasta Dian Harapan,Tersertifikasi,2,5,Arsitek,Guru,21000000,20500000,Denpasar,Bali,Jl. Kelapa Gading No. 039,190000000,4400 VA,62-0000000047,um00138@email.com,"-6.2756,-106.7512",-6.1996,-106.7512,0,,2026-05-12 07:28:15.697161+00,Menunggu,,2026-05-12 07:28:15.697161+00,UM,
,6992806211460714,BAN-00139,Mega Pratama,Bisnis,0000003401000039,0000003471000039,0020030340,SMA Swasta Labschool,Tidak Tersertifikasi,3,3,Insinyur,Entrepreneur,21500000,21000000,Banjarmasin,Kalimantan Selatan,Jl. Puri No. 040,195000000,5500 VA,62-0000000048,um00139@email.com,"-6.2756,-106.7492",-6.1976,-106.7492,0,,2026-05-12 07:28:15.697161+00,Diundur,,2026-05-12 07:28:15.697161+00,UM,
,8125573554453176,BAN-00140,Dimas Ramadhan,Teknik Komputer,0000003401000040,0000003471000040,0020030341,SMA Swasta Al-Azhar,Tersertifikasi,0,4,Pengusaha Sukses,Profesional,22000000,1500000,Jakarta Selatan,DKI Jakarta,Jl. Rasuna Said No. 041,200000000,2200 VA,62-0000000049,um00140@email.com,"-6.2756,-106.7472",-6.1956,-106.7472,0,,2026-05-12 07:28:15.697161+00,Lolos,,2026-05-12 07:28:15.697161+00,UM,
,7210528838402277,BAN-00141,Lestari Handayani,Teknik Otomasi,0000003401000041,0000003471000041,0020030342,SMA Swasta Taruna,Tidak Tersertifikasi,1,5,Direktur Perusahaan,Manager,22500000,2000000,Bandung Kota,Jawa Barat,Jl. Senayan No. 042,205000000,3600 VA,62-0000000050,um00141@email.com,"-6.2756,-106.7452",-6.1936,-106.7452,0,,2026-05-12 07:28:15.697161+00,Tidak Lolos,,2026-05-12 07:28:15.697161+00,UM,
,6569156051239114,BAN-00142,Ayu Hidayat,Hukum,0000003401000042,0000003471000042,0020030343,SMA Swasta Kristen,Tersertifikasi,2,3,Konsultan Bisnis,Ibu Rumah Tangga,23000000,2500000,Surabaya Pusat,Jawa Timur,Jl. Pondok Indah No. 043,210000000,4400 VA,62-0000000051,um00142@email.com,"-6.2756,-106.7432",-6.1916,-106.7432,0,,2026-05-12 07:28:15.697161+00,Menunggu,,2026-05-12 07:28:15.697161+00,UM,
,4192799690538496,BAN-00143,Galih Hidayat,Ekonomi Pembangunan,0000003401000043,0000003471000043,0020030344,SMA Swasta Kanisius,Tidak Tersertifikasi,3,4,Manager,Dokter,23500000,3000000,Medan Kota,Sumatera Utara,Jl. Menteng No. 044,215000000,5500 VA,62-0000000052,um00143@email.com,"-6.2756,-106.7412",-6.1896,-106.7412,0,,2026-05-12 07:28:15.697161+00,Diundur,,2026-05-12 07:28:15.697161+00,UM,
,8167633649638318,BAN-00144,Mega Sari,Bisnis,0000003401000044,0000003471000044,0020030345,SMA Swasta Santa Maria,Tersertifikasi,0,5,Dokter,Guru,24000000,3500000,Semarang Tengah,Jawa Tengah,Jl. Blok M No. 045,220000000,2200 VA,62-0000000053,um00144@email.com,"-6.2756,-106.7392",-6.1876,-106.7392,0,,2026-05-12 07:28:15.697161+00,Lolos,,2026-05-12 07:28:15.697161+00,UM,
,1002096342958224,BAN-00145,Xander Lestari,Teknik Komputer,0000003401000045,0000003471000045,0020030346,SMA Swasta Sampoerna,Tidak Tersertifikasi,1,3,Advokat,Entrepreneur,24500000,4000000,Yogyakarta Kota,DI Yogyakarta,Jl. Permata No. 046,225000000,3600 VA,62-0000000054,um00145@email.com,"-6.2756,-106.7372",-6.1856,-106.7372,0,,2026-05-12 07:28:15.697161+00,Tidak Lolos,,2026-05-12 07:28:15.697161+00,UM,
,1158649504604424,BAN-00146,Putri Rahmawati,Teknik Otomasi,0000003401000046,0000003471000046,0020030347,SMA Swasta Dian Harapan,Tersertifikasi,2,4,Arsitek,Profesional,25000000,4500000,Palembang Ilir,Sumatera Selatan,Jl. Elang No. 047,230000000,4400 VA,62-0000000055,um00146@email.com,"-6.2756,-106.7352",-6.1836,-106.7352,0,,2026-05-12 07:28:15.697161+00,Menunggu,,2026-05-12 07:28:15.697161+00,UM,
,6940671182308981,BAN-00147,Doni Setiawan,Hukum,0000003401000047,0000003471000047,0020030348,SMA Swasta Labschool,Tidak Tersertifikasi,3,5,Insinyur,Manager,25500000,5000000,Makassar Kota,Sulawesi Selatan,Jl. Bintaro No. 048,235000000,5500 VA,62-0000000056,um00147@email.com,"-6.2756,-106.7332",-6.1816,-106.7332,0,,2026-05-12 07:28:15.697161+00,Diundur,,2026-05-12 07:28:15.697161+00,UM,
,7813036521517668,BAN-00148,Dwi Anggraini,Ekonomi Pembangunan,0000003401000048,0000003471000048,0020030349,SMA Swasta Al-Azhar,Tersertifikasi,0,3,Pengusaha Sukses,Ibu Rumah Tangga,26000000,5500000,Denpasar,Bali,Jl. Kelapa Gading No. 049,240000000,2200 VA,62-0000000057,um00148@email.com,"-6.2756,-106.7312",-6.1796,-106.7312,0,,2026-05-12 07:28:15.697161+00,Lolos,,2026-05-12 07:28:15.697161+00,UM,
,7908916657236154,BAN-00149,Fitri Ramadhan,Bisnis,0000003401000049,0000003471000049,0020030350,SMA Swasta Taruna,Tidak Tersertifikasi,1,4,Direktur Perusahaan,Dokter,26500000,6000000,Banjarmasin,Kalimantan Selatan,Jl. Puri No. 050,245000000,3600 VA,62-0000000058,um00149@email.com,"-6.2756,-106.7292",-6.1776,-106.7292,0,,2026-05-12 07:28:15.697161+00,Tidak Lolos,,2026-05-12 07:28:15.697161+00,UM,
,8570981678433478,BAN-00150,Mira Dewi,Teknik Komputer,0000003401000050,0000003471000050,0020030351,SMA Swasta Kristen,Tersertifikasi,2,5,Konsultan Bisnis,Guru,2000000,6500000,Jakarta Selatan,DKI Jakarta,Jl. Rasuna Said No. 051,250000000,4400 VA,62-0000000009,um00150@email.com,"-6.2756,-106.7272",-6.1756,-106.7272,0,,2026-05-12 07:28:15.697161+00,Menunggu,,2026-05-12 07:28:15.697161+00,UM,
